County,School District,fips,Graduation Rate,Recreational Status,first.treat,year,FRL_eligible_number,Total_student,FRL_eligible_percent,American Indian or Alaska Native,Asian,Hispanic/Latino,Black or African American,White,Native Hawaiian or Other Pacific Islander,Two or more races,Male,Female,TOTAL_ENROLLMENT
Carson City,Carson City,32510,85.7,0,0,2020,9255,15286.9717232232,0.605417486704727,0.0221468347948537,0.017666261281444,0.442232605773539,0.006848876656212,0.460474940792421,0.00281636049414325,0.0478141202073866,0.507008897138834,0.492991102861166,39082
Carson City,Carson City,32510,84,0,0,2019,10015,15982.1030411128,0.626638432641631,0.0213429549902153,0.0177348336594912,0.426675636007828,0.00703277886497065,0.478351272015656,0.00262964774951076,0.0462328767123288,0.511374755381605,0.488625244618395,40923
Carson City,Carson City,32510,86.8,0,0,2018,9509,15980.7158553233,0.595029664884034,0.0225660469667319,0.0184686888454012,0.42575831702544,0.00629892367906067,0.476761252446184,0.00226272015655577,0.0478840508806262,0.509601272015656,0.490398727984344,40925
Carson City,Carson City,32510,86,0,0,2017,7330,16170.4594183113,0.453295717232348,0.0232343721187535,0.0188087774294671,0.418280164730469,0.00553199336160797,0.486139283299527,0.00227426393754994,0.0457311451226259,0.513307517364313,0.486692482635688,40722
Carson City,Carson City,32510,83.9,0,0,2016,8152,15908.1130273976,0.512442926823582,0.0215000617817867,0.0184109724453231,0.418386259730631,0.00704312368713703,0.493389348819968,0.00271839861608798,0.0385518349190659,0.512541702706042,0.487458297293958,40465
Carson City,Carson City,32510,80.3,0,0,2015,5496,14217.3087322896,0.386571052474774,0.0209370611515384,0.0178731009830206,0.418741223030767,0.00625558534405719,0.496872207327971,0.00242563513340993,0.0368951870292353,0.511043023107366,0.488956976892634,0
Carson City,Carson City,32510,74.3,0,0,2014,7636,15296.0098528114,0.499215159605597,0.0233716475095785,0.0187739463601533,0.41507024265645,0.00587484035759898,0.499616858237548,0.00293742017879949,0.0343550446998723,0.514303959131545,0.485696040868455,0
Churchill County,Churchill,32001,79.9,1,2017,2020,6400,6400,1,0.0549092601209865,0.0162866449511401,0.242438343415542,0.0172173103769195,0.592213432604312,0.00822087792771832,0.0687141306033814,0.515743756786102,0.484256243213898,16141
Churchill County,Churchill,32001,76.9,1,2017,2019,3860,6722.16723600581,0.574219573015791,0.0535426140531025,0.0177497432888367,0.239254804166055,0.0211236614346487,0.59424966994279,0.00645445210503154,0.067625055009535,0.51840985770867,0.481590142291331,17090
Churchill County,Churchill,32001,72.9,1,2017,2018,3180,6791.82420907261,0.468209998096257,0.0558146313028272,0.014573010784028,0.236957155348295,0.0167589624016322,0.603322646458758,0.00699504517633343,0.0655785485281259,0.521130865636841,0.478869134363159,17190
Churchill County,Churchill,32001,76,1,2017,2017,3178,6747.61052243092,0.47098154071511,0.0598705501618123,0.0169167402177111,0.231391585760518,0.0173580464842601,0.601500441306267,0.00720800235363342,0.0657546337157988,0.525007355104443,0.474992644895558,17020
Churchill County,Churchill,32001,73.3,1,2017,2016,3158,6391.63380801882,0.494083374432064,0.061639549436796,0.0140801001251564,0.217772215269086,0.0156445556946183,0.618585732165207,0.00688360450563204,0.0653942428035044,0.519712140175219,0.480287859824781,15980
Churchill County,Churchill,32001,59.7,1,2017,2015,3130,6545.86598197642,0.478164387816407,0.0549954170485793,0.0164986251145738,0.212648945921173,0.0152765047357165,0.625114573785518,0.00763825236785823,0.0678276810265811,0.52153987167736,0.47846012832264,0
Churchill County,Churchill,32001,67.2,1,2017,2014,3380,6975.99750178945,0.484518522137226,0.0581495273560584,0.0194786594099112,0.209395588656545,0.0154683471784589,0.626468060727585,0.00658837009452879,0.0644514465769121,0.524491549699227,0.475508450300773,0
Clark County,Clark,32003,80.9,1,2017,2020,533616,613006.154939397,0.870490444019693,0.00343346017186201,0.0599406546884056,0.472062974069501,0.153244147367891,0.222910314240355,0.0163530353047905,0.0720554141571958,0.515219048459038,0.484780951540962,1589168
Clark County,Clark,32003,83.2,1,2017,2019,486069,640370.499231478,0.759043398444091,0.00342557988228352,0.0599310042214522,0.465275150928266,0.148731294729994,0.237230485240048,0.0161534853459624,0.069252999651995,0.516055136100226,0.483944863899775,1653739
Clark County,Clark,32003,85.8,1,2017,2018,449470,646532.346295918,0.695201102582232,0.00361802763403831,0.0619647332455872,0.463457620395579,0.146543641707084,0.241318536682112,0.0158664334781746,0.0672310068574245,0.515343562374917,0.484656437625083,1666443
Clark County,Clark,32003,85.2,1,2017,2017,434705,647716.972280588,0.67113418144567,0.00361046704206691,0.0624770393568009,0.465557529585353,0.143223222620374,0.244201872986239,0.0157622933542112,0.065167575054955,0.516141708572977,0.483858291427023,1663281
Clark County,Clark,32003,83.2,1,2017,2016,450460,647034.587036982,0.696191531372114,0.00378341262595446,0.0627581597994822,0.460429388276926,0.141333553548135,0.251916556941583,0.0156474850399216,0.0641314437679976,0.51667286020795,0.48332713979205,1634768
Clark County,Clark,32003,74.9,1,2017,2015,362079,621869.163323289,0.582243052646377,0.00393263597042854,0.0629099052118163,0.455017025062119,0.136629957974171,0.262412957452683,0.0155925028375104,0.0635050154912728,0.515985152918801,0.484014847081199,0
Clark County,Clark,32003,72.1,1,2017,2014,369553,641718.459688886,0.575880270265506,0.00440614268126741,0.0635434890602389,0.447988694603092,0.131712193722172,0.275346891170127,0.0152703082140003,0.0617322805491016,0.515808733912797,0.484191266087203,0
Douglas County,Douglas,32005,84.5,0,0,2020,2968,9904.19189367064,0.299671091984468,0.0316179879462216,0.0133518776077886,0.234955957348169,0.00417246175243394,0.656467315716273,0.00259619842373667,0.0568382012053778,0.529531757070005,0.470468242929995,26970
Douglas County,Douglas,32005,88.9,0,0,2019,4082,11566.0838383008,0.352928446401413,0.030761254644431,0.0146893631729024,0.228462801347965,0.00414758489587834,0.658342694202022,0.00345632074656528,0.0601399809902359,0.531495722803076,0.468504277196924,28933
Douglas County,Douglas,32005,91.3,0,0,2018,4135,11663.6227942856,0.354521067161559,0.030196749358426,0.013857998289136,0.223438836612489,0.00538922155688623,0.665183917878529,0.00273738237810094,0.0591958939264328,0.531736526946108,0.468263473053892,29236
Douglas County,Douglas,32005,88.8,0,0,2017,3501,11549.0306364518,0.303142325118605,0.0317802084230471,0.0134355352682801,0.223839462578589,0.00585651537335286,0.663164240806132,0.00310050813883386,0.0588235294117647,0.531134269227457,0.468865730772543,29035
Douglas County,Douglas,32005,87.5,0,0,2016,3640,11806.0061883894,0.308317642894322,0.0323668240053945,0.0131490222521915,0.21341874578557,0.00640593391773432,0.671274443695212,0.00320296695886716,0.0601820633850303,0.526129467296022,0.473870532703978,29660
Douglas County,Douglas,32005,88.3,0,0,2015,3706,12022.1751415496,0.308263684097546,0.0337692435027313,0.0144015891408707,0.207415990730012,0.00711802681675219,0.67521933454726,0.00314517463996027,0.0589306406224135,0.524747558351266,0.475252441648734,0
Douglas County,Douglas,32005,90.2,0,0,2014,4080,12105.707091507,0.337031118393935,0.0374772989929008,0.0146937427769523,0.201750041274558,0.00528314347036487,0.682516097077761,0.00280666996863134,0.0554730064388311,0.521380221231633,0.478619778768367,0
Elko County,Elko,32007,79.7,1,2017,2020,8171,18680.0965334986,0.43741743975183,0.0605745212323064,0.00697335553705246,0.340133222314738,0.0085345545378851,0.555682764363031,0.00343463780183181,0.0246669442131557,0.514154870940883,0.485845129059117,48040
Elko County,Elko,32007,82.5,1,2017,2019,8990,19817.2495106425,0.453645194060461,0.0584592881521209,0.00770355923939542,0.314139444173574,0.00848366650414432,0.584787908337396,0.00351048269137006,0.022915650901999,0.512286689419795,0.487713310580205,51283
Elko County,Elko,32007,83.8,1,2017,2018,6859,20080.2339741575,0.341579685218175,0.0606927859469062,0.00611862232310273,0.318365735714991,0.00868449620053291,0.585117931510905,0.00276324879107865,0.018257179512484,0.517319648672654,0.482680351327346,50665
Elko County,Elko,32007,91.8,1,2017,2017,7759,19672.6947076694,0.394404534574267,0.0610971313537997,0.00644187216909915,0.316960241570206,0.00785103170608958,0.59073980875692,0.00241570206341218,0.0144942123804731,0.514242576748868,0.485757423251132,49675
Elko County,Elko,32007,88.5,1,2017,2016,6620,19538.800876213,0.338813013241736,0.0582416473200767,0.00646007873220955,0.309982840415868,0.00928636317755123,0.599273241142627,0.00252346825476936,0.0142323609568992,0.511658423337034,0.488341576662966,49535
Elko County,Elko,32007,85.1,1,2017,2015,6709,19962.3962374552,0.336081897192882,0.059710316287319,0.00798108187998818,0.311459257069662,0.00985318750615824,0.599862055374914,0.0056163168785102,0.00551778500344862,0.508227411567642,0.491772588432358,0
Elko County,Elko,32007,80,1,2017,2014,6885,19487.4956493147,0.35330347849197,0.0602495182067147,0.00841870372248707,0.30439192615884,0.0103458768637793,0.605030936200426,0.00608580991987017,0.00547722892788315,0.515468100213003,0.484531899786997,0
Eureka County,Eureka,32011,73.3,0,0,2020,190,648.016511897092,0.29320240535811,0.0432098765432099,0,0.12962962962963,0,0.774691358024691,0.00308641975308642,0.0493827160493827,0.527777777777778,0.472222222222222,1620
Eureka County,Eureka,32011,90.9,0,0,2019,182,698.078390143153,0.260715705527968,0.0429799426934097,0,0.111747851002865,0,0.796561604584527,0,0.0487106017191977,0.532951289398281,0.467048710601719,1745
Eureka County,Eureka,32011,93.3,0,0,2018,172,642.059943191526,0.267887760050922,0.0498442367601246,0,0.124610591900312,0,0.781931464174455,0,0.043613707165109,0.529595015576324,0.470404984423676,1605
Eureka County,Eureka,32011,95,0,0,2017,136,581.951180317172,0.233696579025543,0.0515463917525773,0.00343642611683849,0.0996563573883162,0,0.804123711340206,0,0.041237113402061903,0.549828178694158,0.450171821305842,1455
Eureka County,Eureka,32011,95,0,0,2016,126,551.912101675684,0.228297222723412,0.0543478260869565,0.0072463768115942,0.0905797101449275,0,0.833333333333333,0,0.0144927536231884,0.550724637681159,0.449275362318841,1380
Eureka County,Eureka,32011,95,0,0,2015,95,481.932869437388,0.197122889980307,0.0656370656370656,0.00772200772200772,0.0926640926640927,0.00386100386100386,0.826254826254826,0,0.00386100386100386,0.548262548262548,0.451737451737452,0
Eureka County,Eureka,32011,95,0,0,2014,124,493.998476147216,0.251012920054123,0.0242914979757085,0,0.109311740890688,0.00404858299595142,0.850202429149798,0,0.0121457489878543,0.51417004048583,0.48582995951417,0
Humboldt County,Humboldt,32013,94.2,1,2017,2020,3465,6518.81275986049,0.531538506725595,0.043815609310817,0.00425985090521832,0.366803590445763,0.00486840103453522,0.547847253917541,6.085501293169e-4,0.0317967442568082,0.510117145899894,0.489882854100107,16452
Humboldt County,Humboldt,32013,91.3,1,2017,2019,3680,6951.05649616462,0.529415924331864,0.0413753745184763,0.00413753745184762,0.368668854330147,0.00442288486231988,0.55043515480097,0.00142673705236125,0.0295334569838779,0.519332287059495,0.480667712940505,17543
Humboldt County,Humboldt,32013,86.1,1,2017,2018,3582,7007.88883214809,0.511138245168485,0.0414831652223327,0.00525642846995312,0.364398352038642,0.00340957522375337,0.555050433300185,0.00227305014916892,0.0281289955959653,0.523938059383435,0.476061940616565,17603
Humboldt County,Humboldt,32013,90.6,1,2017,2017,3381,7121.36433863301,0.474768575125171,0.0427792534600867,0.00587166223961974,0.366699287012442,0.00433384593876695,0.555291486089753,0.00195722074653991,0.0230672445127918,0.520061512652034,0.479938487347966,17888
Humboldt County,Humboldt,32013,89.5,1,2017,2016,3169,6788.92945746366,0.466789354618502,0.0473668726095911,0.0058840835539864696,0.364518976169462,0.00411885848779053,0.556928508384819,0.00235363342159459,0.0188290673727567,0.519270373639306,0.480729626360694,16995
Humboldt County,Humboldt,32013,76.6,1,2017,2015,2862,6957.34045854241,0.411364086184105,0.0453111557212504,0.00831660453111557,0.366790937768856,0.00344135359908231,0.550329796386579,0.00258101519931173,0.0232291367938056,0.512761686263264,0.487238313736737,0
Humboldt County,Humboldt,32013,83,1,2017,2014,2734,6922.67770974836,0.394933884636872,0.0423265188597754,0.00863806507342355,0.359055571551972,0.00431903253671178,0.559746616757846,0.00172761301468471,0.024186582205586,0.516844226893176,0.483155773106824,0
Lander County,Lander,32015,66.7,0,0,2020,736,1741.07318885547,0.422727777735653,0.0331061343719572,0.00584225900681597,0.332035053554041,0.00292112950340798,0.591041869522882,9.7370983446932e-4,0.0340798442064265,0.524829600778968,0.475170399221032,5135
Lander County,Lander,32015,82,0,0,2019,781,1843.98494039671,0.423539250722936,0.0338491295938104,0.00290135396518375,0.328820116054159,0.00193423597678917,0.607350096711799,9.6711798839458e-4,0.0241779497098646,0.507736943907157,0.492263056092843,5170
Lander County,Lander,32015,78.4,0,0,2018,785,1789.99359230335,0.438549055915819,0.031936127744511,0.00399201596806387,0.316367265469062,0.00399201596806387,0.624750499001996,0,0.0189620758483034,0.502994011976048,0.497005988023952,5010
Lander County,Lander,32015,86.8,0,0,2017,536,1821.11400554766,0.294325340625125,0.0399221032132425,0.00486854917234664,0.306718597857838,0.00389483933787731,0.627069133398247,0,0.0175267770204479,0.513145082765336,0.486854917234664,5135
Lander County,Lander,32015,92.3,0,0,2016,447,1774.06231092775,0.25196409238086,0.0448207171314741,0.0049800796812749,0.330677290836653,0.0049800796812749,0.601593625498008,0,0.0129482071713147,0.49402390438247,0.50597609561753,5020
Lander County,Lander,32015,80.3,0,0,2015,499,1770.12554781472,0.281900908450269,0.036963036963037,0.004995004995005,0.332667332667333,0.00999000999000999,0.592407592407592,0,0.022977022977023,0.485514485514486,0.514485514485515,0
Lander County,Lander,32015,75.3,0,0,2014,607,2074.7373245258,0.292567156730906,0.0390848427073403,0.00571973307912297,0.327931363203051,0.0104861773117255,0.593898951382269,0,0.0228789323164919,0.493803622497617,0.506196377502383,0
Lincoln County,Lincoln,32017,95,0,0,2020,830,1761.93874572688,0.471071994990147,0.00735710243350311,0.00452744765138653,0.10582908885116,0.0328239954725524,0.808715336728919,0.0113186191284663,0.0294284097340125,0.524052065647991,0.475947934352009,4420
Lincoln County,Lincoln,32017,94,0,0,2019,1010,1902.01505954649,0.531015774523269,0.0031104199066874,0.00725764644893727,0.111975116640747,0.0321410057024365,0.8149300155521,0.00622083981337481,0.024364955935718,0.517366511145671,0.482633488854329,4836
Lincoln County,Lincoln,32017,87.8,0,0,2018,1024,1985.97135871083,0.515616700869602,0.00697211155378486,0.00298804780876494,0.113545816733068,0.050796812749004,0.795816733067729,0.00946215139442231,0.0204183266932271,0.51792828685259,0.48207171314741,5031
Lincoln County,Lincoln,32017,89.4,0,0,2017,1048,2114.0446323248,0.495732201664788,0.0106284658040665,0.00924214417744917,0.0993530499075785,0.0656192236598891,0.788817005545287,0.00600739371534196,0.0203327171903882,0.549907578558226,0.450092421441774,5435
Lincoln County,Lincoln,32017,86.1,0,0,2016,1014,2169.94515037633,0.467292917438094,0.0101382488479263,0.00737327188940092,0.141013824884793,0.0894009216589862,0.727188940092166,0.0119815668202765,0.0129032258064516,0.553917050691244,0.446082949308756,5425
Lincoln County,Lincoln,32017,82.4,0,0,2015,998,1993.04885420906,0.500740359621569,0.0119284294234592,0.00795228628230616,0.115308151093439,0.0825049701789265,0.762425447316103,0.00596421471172962,0.0139165009940358,0.563618290258449,0.436381709741551,0
Lincoln County,Lincoln,32017,72.6,0,0,2014,991,2011.04482555507,0.492778672761047,0.0108374384236453,0.00689655172413793,0.102463054187192,0.0738916256157636,0.785221674876847,0.00591133004926109,0.0147783251231527,0.556650246305419,0.443349753694581,0
Lyon County,Lyon,32019,74.7,1,2017,2014,8008,16129.2667906973,0.496488780545109,0.0336550358822074,0.00952734471665429,0.247587230883445,0.00816629547141797,0.64229151200198,0.00371195248700817,0.0550606285572878,0.513857955951497,0.486142044048503,0
Lyon County,Lyon,32019,88,1,2017,2020,8861,17622.5669091713,0.502821186361249,0.034863945578231303,0.0105442176870748,0.270068027210884,0.00839002267573696,0.613151927437642,0.00668934240362812,0.0562925170068027,0.517857142857143,0.482142857142857,44103
Lyon County,Lyon,32019,86.6,1,2017,2019,7628,18058.850319458,0.422396767516313,0.0326952865678247,0.0110643947776057,0.266596592166409,0.00857490595264439,0.621431732684222,0.0066386368665634,0.0529984509847311,0.513553883602567,0.486446116397433,45194
Lyon County,Lyon,32019,86.5,1,2017,2018,10816,18121.7567012446,0.596851628587263,0.0352759892135821,0.0118870728083209,0.267459138187221,0.00864014088382588,0.62258543833581,0.00643883110450718,0.0477133894667327,0.512354851136426,0.487645148863574,45447
Lyon County,Lyon,32019,84.8,1,2017,2017,10598,17843.1096425833,0.593954765300967,0.0363423212192263,0.00971361580974711,0.256517612906827,0.00714564841176799,0.644280690001675,0.00653156925138168,0.0394685423993748,0.514654161781946,0.485345838218054,44812
Lyon County,Lyon,32019,83.6,1,2017,2016,9251,16685.9044234251,0.554420052113725,0.0385721130809775,0.00898418782942022,0.259463344513656,0.00682798275035937,0.657762338284619,0.00622903689506469,0.0221609966459032,0.510421657882128,0.489578342117873,41740
Lyon County,Lyon,32019,81.3,1,2017,2015,9393,16244.5228225856,0.578225664279928,0.0365358592692828,0.00898019436585066,0.251568458604994,0.0070119325870340796,0.633903309140116,0.0040595399188092,0.0579407061139132,0.5133472751876,0.4866527248124,0
Mineral County,Mineral,32021,88.9,0,0,2020,1144,1144,1,0.132867132867133,0.00524475524475525,0.194055944055944,0.020979020979021,0.576923076923077,0.0034965034965035,0.0664335664335664,0.512237762237762,0.487762237762238,2860
Mineral County,Mineral,32021,91.7,0,0,2019,871,998.01652892562,0.872731036767141,0.132519616390584,0.003487358326068,0.19180470793374,0.027898866608544,0.571054925893636,0.00871839581517001,0.0645161290322581,0.543156059285092,0.456843940714909,2879
Mineral County,Mineral,32021,85,0,0,2018,662,1164.07473085311,0.568692011306562,0.136824324324324,0.0118243243243243,0.17652027027027,0.0304054054054054,0.575168918918919,0.00675675675675676,0.0625,0.530405405405405,0.469594594594595,2970
Mineral County,Mineral,32021,89.3,0,0,2017,596,1130.02470607686,0.527422096875342,0.129340277777778,0.00520833333333333,0.173611111111111,0.0329861111111111,0.600694444444445,0.00173611111111111,0.0564236111111111,0.526041666666667,0.473958333333333,2891
Mineral County,Mineral,32021,84.4,0,0,2016,530,1035.9986888744,0.511583659025514,0.156370656370656,0.00772200772200772,0.171814671814672,0.028957528957529,0.573359073359073,0.00193050193050193,0.0598455598455599,0.517374517374517,0.482625482625483,2590
Mineral County,Mineral,32021,74.2,0,0,2015,559,1005.98573501601,0.555673883378776,0.178217821782178,0.00594059405940594,0.18019801980198,0.0455445544554455,0.546534653465347,0.00198019801980198,0.0415841584158416,0.512871287128713,0.487128712871287,0
Mineral County,Mineral,32021,88.9,0,0,2014,496,943.002495886022,0.525979519846308,0.160751565762004,0.0125260960334029,0.160751565762004,0.0438413361169102,0.574112734864301,0.00208768267223382,0.0459290187891441,0.51356993736952,0.48643006263048,0
Carson City,Nevada State Public Charter School Authority,32510,86.9,0,0,2020,9255,15286.9717232232,0.605417486704727,0.0221468347948537,0.017666261281444,0.442232605773539,0.006848876656212,0.460474940792421,0.00281636049414325,0.0478141202073866,0.507008897138834,0.492991102861166,39082
Carson City,Nevada State Public Charter School Authority,32510,84.1,0,0,2019,10015,15982.1030411128,0.626638432641631,0.0213429549902153,0.0177348336594912,0.426675636007828,0.00703277886497065,0.478351272015656,0.00262964774951076,0.0462328767123288,0.511374755381605,0.488625244618395,40923
Carson City,Nevada State Public Charter School Authority,32510,77.8,0,0,2018,9509,15980.7158553233,0.595029664884034,0.0225660469667319,0.0184686888454012,0.42575831702544,0.00629892367906067,0.476761252446184,0.00226272015655577,0.0478840508806262,0.509601272015656,0.490398727984344,40925
Carson City,Nevada State Public Charter School Authority,32510,70,0,0,2017,7330,16170.4594183113,0.453295717232348,0.0232343721187535,0.0188087774294671,0.418280164730469,0.00553199336160797,0.486139283299527,0.00227426393754994,0.0457311451226259,0.513307517364313,0.486692482635688,40722
Carson City,Nevada State Public Charter School Authority,32510,65.3,0,0,2016,8152,15908.1130273976,0.512442926823582,0.0215000617817867,0.0184109724453231,0.418386259730631,0.00704312368713703,0.493389348819968,0.00271839861608798,0.0385518349190659,0.512541702706042,0.487458297293958,40465
Carson City,Nevada State Public Charter School Authority,32510,58.6,0,0,2015,5496,14217.3087322896,0.386571052474774,0.0209370611515384,0.0178731009830206,0.418741223030767,0.00625558534405719,0.496872207327971,0.00242563513340993,0.0368951870292353,0.511043023107366,0.488956976892634,0
Carson City,Nevada State Public Charter School Authority,32510,60,0,0,2014,7636,15296.0098528114,0.499215159605597,0.0233716475095785,0.0187739463601533,0.41507024265645,0.00587484035759898,0.499616858237548,0.00293742017879949,0.0343550446998723,0.514303959131545,0.485696040868455,0
Nye County,Nye,32023,83.1,1,2017,2020,10556,10658.7717112508,0.990358015535477,0.0124685958872243,0.0115381036568345,0.307341583697776,0.0348004094165814,0.557085698334419,0.0104215129803666,0.0663440960267982,0.512515120498744,0.487484879501256,26888
Nye County,Nye,32023,77.3,1,2017,2019,11022,11115.9597255111,0.991547313247686,0.0151407827164866,0.0126615902248982,0.295023906499026,0.0377191429077386,0.570834071188242,0.0115105365680893,0.0571099698955197,0.509739684788383,0.490260315211617,28300
Nye County,Nye,32023,80,1,2017,2018,8673,10706.2138487084,0.810090301068133,0.0130863514883421,0.0121647774398673,0.283107547691457,0.0331766657450926,0.595705464934108,0.0112432033913925,0.051515989309741,0.517924615242835,0.482075384757165,27186
Nye County,Nye,32023,80,1,2017,2017,8170,10395.8870618284,0.785887721885572,0.0136325697857739,0.0147454326254289,0.275989984234443,0.0299545581007141,0.61596958174905,0.0117777983863489,0.0379300751182417,0.51219512195122,0.487804878048781,27008
Nye County,Nye,32023,79.3,1,2017,2016,6488,9835.80740614566,0.659630646686528,0.0155007949125596,0.0149046104928458,0.264705882352941,0.0329888712241653,0.627384737678855,0.0125198728139905,0.0319952305246423,0.509936406995231,0.49006359300477,25160
Nye County,Nye,32023,68.9,1,2017,2015,5654,9799.16221530179,0.57698810120431,0.0169591796489844,0.0147899822520213,0.258331690001972,0.0283967659238809,0.638335633997239,0.0153815815421022,0.0278051666338,0.516663380003944,0.483336619996056,0
Nye County,Nye,32023,69.2,1,2017,2014,6552,9972.13212085302,0.65703100606729,0.0187693498452012,0.0147058823529412,0.250580495356037,0.0344427244582043,0.646865325077399,0.0137383900928793,0.0208978328173375,0.525348297213622,0.474651702786378,0
Pershing County,Pershing,32027,94.1,0,0,2020,939,1272.96936601914,0.737645402211414,0.0836591086786552,0.00469116497263487,0.347146207974981,0.0125097732603597,0.467552775605942,0.00156372165754496,0.0828772478498827,0.530101641907741,0.46989835809226,3200
Pershing County,Pershing,32027,94.9,0,0,2019,774,1347.95078504983,0.574204940257808,0.0845697329376855,0.0029673590504451,0.323442136498516,0.00890207715133531,0.502967359050445,0.0029673590504451,0.0741839762611276,0.513353115727003,0.486646884272997,3370
Pershing County,Pershing,32027,94.5,0,0,2018,800,1316.00817953805,0.607898957194036,0.0896656534954407,0.0060790273556231,0.343465045592705,0.00455927051671733,0.484802431610942,0.00455927051671733,0.0668693009118541,0.501519756838906,0.498480243161094,3290
Pershing County,Pershing,32027,95,0,0,2017,728,1334.05681350475,0.545703895539085,0.0958302852962692,0.00292611558156547,0.319678127286028,0.021945866861741,0.503291880029261,0.00512070226773958,0.0512070226773958,0.506217995610827,0.493782004389173,3434
Pershing County,Pershing,32027,95,0,0,2016,428,1254.0219547102,0.341301839567002,0.0829346092503987,0.00478468899521531,0.331738437001595,0.0191387559808612,0.513556618819777,0.00478468899521531,0.0430622009569378,0.521531100478469,0.478468899521531,3135
Pershing County,Pershing,32027,83.3,0,0,2015,692,1297.99837200764,0.53312855772667,0.0801232665639445,0.00308166409861325,0.314329738058552,0.0061633281972265,0.520801232665639,0.00462249614791988,0.0708782742681048,0.519260400616333,0.480739599383667,0
Pershing County,Pershing,32027,83.3,0,0,2014,680,1372.01029802719,0.495623102084418,0.0679190751445087,0.00144508670520231,0.303468208092486,0.00433526011560694,0.544797687861272,0.00289017341040462,0.0751445086705202,0.515895953757226,0.484104046242775,0
Storey County,Storey,32029,95,0,0,2020,292,896.016326482863,0.325886918987502,0.00446428571428571,0.00892857142857143,0.104910714285714,0.0111607142857143,0.828125,0.00223214285714286,0.0401785714285714,0.484375,0.515625,2240
Storey County,Storey,32029,85,0,0,2019,254,897.915859957416,0.282877284305955,0.0022271714922049,0.0066815144766147,0.0979955456570156,0.0089086859688196,0.839643652561247,0.0022271714922049,0.0423162583518931,0.478841870824054,0.521158129175947,2245
Storey County,Storey,32029,83.9,0,0,2018,266,920.023755075494,0.289122969415255,0.00434782608695652,0.0108695652173913,0.1,0.00869565217391304,0.836956521739131,0.00652173913043478,0.0326086956521739,0.504347826086957,0.495652173913044,2300
Storey County,Storey,32029,94.1,0,0,2017,294,886.027147788118,0.33181827524579,0.0158013544018059,0.0158013544018059,0.0790067720090294,0.0090293453724605,0.846501128668172,0.00451467268623025,0.0293453724604966,0.514672686230248,0.485327313769752,2215
Storey County,Storey,32029,90.6,0,0,2016,242,850.047372266359,0.284690015986745,0.00941176470588235,0.0164705882352941,0.0917647058823529,0.00941176470588235,0.830588235294118,0.00705882352941177,0.0352941176470588,0.529411764705882,0.470588235294118,2125
Storey County,Storey,32029,95,0,0,2015,300,821.963573441443,0.36497967755912,0.0121654501216545,0.0194647201946472,0.111922141119221,0.0024330900243309,0.81021897810219,0.0072992700729927,0.0364963503649635,0.523114355231144,0.476885644768856,0
Storey County,Storey,32029,80,0,0,2014,34,443.948708647361,0.07658542380626,0.0199004975124378,0.0199004975124378,0.109452736318408,0.00746268656716418,0.800995024875622,0.0124378109452736,0.0298507462686567,0.552238805970149,0.447761194029851,0
Washoe County,Washoe,32031,82.5,1,2017,2020,57798,121159.419275177,0.477040913085999,0.0123637822986448,0.0448399345537616,0.417003673633192,0.0257154323464946,0.424420399469021,0.0136912295866391,0.0619655481122465,0.516593091099929,0.483406908900071,324132
Washoe County,Washoe,32031,85.1,1,2017,2019,65450,127681.922255905,0.512601931766209,0.0122673966926862,0.0438977470311864,0.410069919721801,0.0251637009359624,0.433798231659946,0.0130442824904739,0.0617587214679442,0.51773149347046,0.48226850652954,338164
Washoe County,Washoe,32031,86,1,2017,2018,61529,130764.463279571,0.470533036704724,0.0131177479343444,0.0434956905191421,0.408439307216617,0.0246245443679799,0.437013281070206,0.0128876120056717,0.0604218168860382,0.51858533217523,0.48141466782477,336996
Washoe County,Washoe,32031,84.4,1,2017,2017,29517,66278.1315564871,0.445350514669283,0.0133962404339104,0.0435173489858088,0.40512668103128,0.02373876216658,0.442989820937663,0.0120142655472175,0.0592168808975407,0.518626941080318,0.481373058919682,336749
Washoe County,Washoe,32031,84,1,2017,2016,60481,130435.26033417,0.463685968388074,0.0144740591861529,0.0439621424607401,0.400878942868714,0.0235484693494923,0.447570907890987,0.0113092648977816,0.0582562133461325,0.52073615215011,0.47926384784989,333355
Washoe County,Washoe,32031,76.6,1,2017,2015,38777,117622.457497584,0.329673438431573,0.0152923132443161,0.0438169132683748,0.397224227114159,0.0225550342836521,0.45225851076627,0.0113827739684831,0.0574702273547456,0.520660411403825,0.479339588596175,0
Washoe County,Washoe,32031,75,1,2017,2014,61685,128740.947243338,0.479140485764849,0.016168813373527,0.0443804999847751,0.394476416674279,0.0233092780366006,0.456426418196766,0.0105660607167869,0.054672513017265,0.518757041502999,0.481242958497001,0
White Pine County,White Pine,32033,83.8,1,2017,2020,1808,2405.9433690696,0.751472384281084,0.0368248772504092,0.00204582651391162,0.189034369885434,0.0106382978723404,0.703355155482815,0.0016366612111293,0.0564648117839607,0.511865793780688,0.488134206219313,6116
White Pine County,White Pine,32033,82.9,1,2017,2019,1151,2436.96414955846,0.472308958754499,0.0382663022256931,0.00234283483014448,0.175712612260836,0.0101522842639594,0.715736040609137,0.00312377977352597,0.0546661460367044,0.50800468566966,0.49199531433034,6409
White Pine County,White Pine,32033,66.9,1,2017,2018,1627,3284.75646760153,0.495318303212904,0.0326283987915408,0.00966767371601208,0.163141993957704,0.0646525679758308,0.674320241691843,0.00785498489425982,0.0477341389728097,0.501510574018127,0.498489425981873,8275
White Pine County,White Pine,32033,66.9,1,2017,2017,1030,3286.57624246579,0.313396046223236,0.0296675191815857,0.0173913043478261,0.159079283887468,0.101790281329923,0.642966751918159,0.0107416879795396,0.0383631713554987,0.489514066496164,0.510485933503836,9775
White Pine County,White Pine,32033,69.9,1,2017,2016,1007,2516.12654381119,0.400218344533138,0.037410071942446,0.00935251798561151,0.161151079136691,0.0453237410071943,0.702158273381295,0.00431654676258993,0.0402877697841727,0.500719424460432,0.499280575539568,6950
White Pine County,White Pine,32033,83.1,1,2017,2015,884,2366.03038118901,0.373621576049146,0.0444624090541633,0.00485044462409054,0.150363783346807,0.0113177041228779,0.735650767987066,0.00242522231204527,0.0509296685529507,0.504446240905416,0.495553759094584,0
White Pine County,White Pine,32033,77,1,2017,2014,798,2383.05669968191,0.334864042515864,0.048605577689243,0.00637450199203187,0.140239043824701,0.0047808764940239,0.744223107569721,0.00239043824701195,0.0533864541832669,0.50996015936255,0.49003984063745,0
